x,y,action,left_tolerance,right_tolerance,yaw_deg
59.961658478,0.837499976,continue
60.543403625,-1.253988147,continue
60.885360718,-7.712434292,
60.863265991,-7.932757854,continue